날짜,제품명,가격,데이터 타입
2025-12-16,DDR5 16G (2Gx8) 4800/5600,35.0,DRAM
2025-12-16,DDR4 16Gb (2Gx8)3200,67.0,DRAM
2025-12-16,DDR4 8Gb (1Gx8) 3200,30.0,DRAM
2025-12-16,DDR5 16G (2Gx8) 4800/5600,35.0,DRAM
2025-12-16,DDR4 16Gb (2Gx8)3200,67.0,DRAM
2025-12-16,DDR4 8Gb (1Gx8) 3200,30.0,DRAM
2025-12-16,SLC 2Gb 256MBx8,1.96,NAND
2025-12-16,SLC 1Gb 128MBx8,1.95,NAND
2025-12-16,MLC 64Gb 8GBx8,7.3,NAND
2025-12-16,MLC 32Gb 4GBx8,5.9,NAND
2025-12-16,SLC 2Gb 256MBx8,1.96,NAND
2025-12-16,SLC 1Gb 128MBx8,1.95,NAND
2025-12-16,MLC 64Gb 8GBx8,7.3,NAND
2025-12-16,MLC 32Gb 4GBx8,5.9,NAND
2025-12-12,SCFI Comprehensive Index,1506.46,OCEAN_FREIGHT
2025-12-16,Bitcoin,85867.375,CRYPTO
2025-12-16,Ethereum,2920.091796875,CRYPTO
2025-12-16,Binance Coin,853.9613647460938,CRYPTO
2025-12-16,Ripple,1.8721128702163696,CRYPTO
2025-12-16,Solana,126.17131805419922,CRYPTO
2025-12-16,Dogecoin,0.12877893447875977,CRYPTO
2025-12-16,WTI Crude Oil,56.52000045776367,COMMODITY
2025-12-16,Brent Crude Oil,60.2599983215332,COMMODITY
2025-12-16,Natural Gas,3.990999937057495,COMMODITY
2025-12-16,Gold,4317.5,COMMODITY
2025-12-16,Silver,62.92499923706055,COMMODITY
2025-12-16,Copper,5.343999862670898,COMMODITY
2025-12-15,Uranium ETF (URA),44.630001068115234,COMMODITY
2025-12-16,Wheat Futures,516.75,COMMODITY
2025-12-15,VIX Index,16.5,INDEX
2025-12-16,Dollar Index (DXY),98.24700164794922,FX
2025-12-16,KRW/USD,1474.9000244140625,FX
2025-12-16,CNY/USD,7.042200088500977,FX
2025-12-16,EUR/USD,1.1755025386810303,FX
2025-12-16,TWD/USD,31.46500015258789,FX
2025-12-16,JPY/USD,154.6999969482422,FX
2025-12-15,US 2 Year Treasury Yield,3.5380001068115234,INTEREST_RATE
2025-12-15,US 10 Year Treasury Yield,4.182000160217285,INTEREST_RATE
2025-12-15,US 30 Year Treasury Yield,4.85099983215332,INTEREST_RATE
2025-12-16,DDR5 16G (2Gx8) 4800/5600,35.0,DRAM
2025-12-16,DDR4 16Gb (2Gx8)3200,67.0,DRAM
2025-12-16,DDR4 8Gb (1Gx8) 3200,30.0,DRAM
2025-12-16,DDR5 16G (2Gx8) 4800/5600,35.0,DRAM
2025-12-16,DDR4 16Gb (2Gx8)3200,67.0,DRAM
2025-12-16,DDR4 8Gb (1Gx8) 3200,30.0,DRAM
2025-12-16,SLC 2Gb 256MBx8,1.96,NAND
2025-12-16,SLC 1Gb 128MBx8,1.95,NAND
2025-12-16,MLC 64Gb 8GBx8,7.3,NAND
2025-12-16,MLC 32Gb 4GBx8,5.9,NAND
2025-12-16,SLC 2Gb 256MBx8,1.96,NAND
2025-12-16,SLC 1Gb 128MBx8,1.95,NAND
2025-12-16,MLC 64Gb 8GBx8,7.3,NAND
2025-12-16,MLC 32Gb 4GBx8,5.9,NAND
2025-12-16,Bitcoin,86080.0859375,CRYPTO
2025-12-16,Ethereum,2924.427001953125,CRYPTO
2025-12-16,Binance Coin,855.349853515625,CRYPTO
2025-12-16,Ripple,1.8765935897827148,CRYPTO
2025-12-16,Solana,126.24383544921875,CRYPTO
2025-12-16,Dogecoin,0.12917211651802063,CRYPTO
2025-12-16,WTI Crude Oil,56.369998931884766,COMMODITY
2025-12-16,Brent Crude Oil,60.13999938964844,COMMODITY
2025-12-16,Natural Gas,3.946000099182129,COMMODITY
2025-12-16,Gold,4300.5,COMMODITY
2025-12-16,Silver,62.28499984741211,COMMODITY
2025-12-16,Copper,5.322999954223633,COMMODITY
2025-12-15,Uranium ETF (URA),44.630001068115234,COMMODITY
2025-12-16,Wheat Futures,517.0,COMMODITY
2025-12-15,VIX Index,16.5,INDEX
2025-12-16,Dollar Index (DXY),98.2760009765625,FX
2025-12-16,KRW/USD,1475.06005859375,FX
2025-12-16,CNY/USD,7.041600227355957,FX
2025-12-16,EUR/USD,1.1756407022476196,FX
2025-12-16,TWD/USD,31.472000122070312,FX
2025-12-16,JPY/USD,154.73399353027344,FX
2025-12-15,US 2 Year Treasury Yield,3.5380001068115234,INTEREST_RATE
2025-12-15,US 10 Year Treasury Yield,4.182000160217285,INTEREST_RATE
2025-12-15,US 30 Year Treasury Yield,4.85099983215332,INTEREST_RATE
2025-12-16,KOSPI 상장종목수,821,INDEX_KR
2025-12-16,KOSDAQ 상장종목수,1735,INDEX_KR
2025-12-16,KOSPI,3999.13,INDEX_KR
2025-12-16,KOSPI 시가총액,3298788270153600.0,INDEX_KR
2025-12-15,KOSPI PER,18.850000381469727,INDEX_KR
2025-12-15,KOSPI PBR,1.3700000047683716,INDEX_KR
2025-12-16,KOSDAQ,916.11,INDEX_KR
2025-12-16,KOSDAQ 시가총액,495712178661559.0,INDEX_KR
2025-12-15,KOSDAQ PER,152.50999450683594,INDEX_KR
2025-12-15,KOSDAQ PBR,2.180000066757202,INDEX_KR
2025-12-16,KOSPI 200,561.52,INDEX_KR
2025-12-16,KOSPI 200 시가총액,2980468687222580.0,INDEX_KR
2025-12-15,KOSPI 200 PER,17.530000686645508,INDEX_KR
2025-12-15,KOSPI 200 PBR,1.4299999475479126,INDEX_KR
2025-12-15,S&P 500,6816.509765625,INDEX_US
2025-12-15,S&P 500 PER,27.45611,INDEX_US
2025-12-15,S&P 500 PBR,1.5859698,INDEX_US
2025-12-15,NASDAQ,23057.41015625,INDEX_US
2025-12-15,NASDAQ PER,33.615227,INDEX_US
2025-12-15,NASDAQ PBR,1.7064962,INDEX_US
2025-12-15,RUSSELL 2000,2530.669921875,INDEX_US
2025-12-15,RUSSELL 2000 PER,18.488205,INDEX_US
2025-12-15,RUSSELL 2000 PBR,1.1519749,INDEX_US
2025-12-16,VIX Index,16.770000457763672,INDEX
2025-12-16,US 10 Year Treasury Yield,4.185999870300293,INTEREST_RATE
2025-12-16,KOSPI PER,16.65999984741211,INDEX_KR
2025-12-16,KOSPI PBR,1.2799999713897705,INDEX_KR
2025-12-16,KOSDAQ PER,87.9000015258789,INDEX_KR
2025-12-16,KOSDAQ PBR,2.069999933242798,INDEX_KR
2025-12-16,KOSPI 200 PER,15.4399995803833,INDEX_KR
2025-12-16,KOSPI 200 PBR,1.3300000429153442,INDEX_KR
2025-12-17,DDR5 16G (2Gx8) 4800/5600,34.5,DRAM
2025-12-17,DDR4 16Gb (2Gx8)3200,70.0,DRAM
2025-12-17,DDR4 8Gb (1Gx8) 3200,33.0,DRAM
2025-12-17,SLC 2Gb 256MBx8,1.96,NAND
2025-12-17,SLC 1Gb 128MBx8,1.95,NAND
2025-12-17,MLC 64Gb 8GBx8,7.3,NAND
2025-12-17,MLC 32Gb 4GBx8,5.9,NAND
2025-12-17,Bitcoin,87809.921875,CRYPTO
2025-12-17,Ethereum,2947.037109375,CRYPTO
2025-12-17,Binance Coin,862.7445678710938,CRYPTO
2025-12-17,WTI Crude Oil,55.90999984741211,COMMODITY
2025-12-17,Brent Crude Oil,59.7599983215332,COMMODITY
2025-12-17,Natural Gas,3.999000072479248,COMMODITY
2025-12-17,Gold,4364.89990234375,COMMODITY
2025-12-17,Silver,65.63500213623047,COMMODITY
2025-12-17,Copper,5.418499946594238,COMMODITY
2025-12-16,Uranium ETF (URA),44.27000045776367,COMMODITY
2025-12-17,VIX Index,16.079999923706055,INDEX
2025-12-17,US 10 Year Treasury Yield,4.158999919891357,INTEREST_RATE
2025-12-17,Dollar Index (DXY),98.42500305175781,FX
2025-12-17,KRW/USD,1473.9200439453125,FX
2025-12-17,JPY/USD,155.58099365234375,FX
2025-12-17,CNY/USD,7.042799949645996,FX
2025-12-17,TWD/USD,31.476999282836914,FX
2025-12-17,EUR/USD,0.8521999716758728,FX
2025-12-17,KOSPI 상장종목수,821,INDEX_KR
2025-12-17,KOSDAQ 상장종목수,1736,INDEX_KR
2025-12-17,KOSPI,4056.41,INDEX_KR
2025-12-17,KOSPI 시가총액,3348121946855785.0,INDEX_KR
2025-12-17,KOSPI PER,16.899999618530273,INDEX_KR
2025-12-17,KOSPI PBR,1.2999999523162842,INDEX_KR
2025-12-17,KOSDAQ,911.07,INDEX_KR
2025-12-17,KOSDAQ 시가총액,493135373279600.0,INDEX_KR
2025-12-17,KOSDAQ PER,87.62999725341797,INDEX_KR
2025-12-17,KOSDAQ PBR,2.059999942779541,INDEX_KR
2025-12-17,KOSPI 200,572.62,INDEX_KR
2025-12-17,KOSPI 200 시가총액,3025847310992840.0,INDEX_KR
2025-12-17,KOSPI 200 PER,15.75,INDEX_KR
2025-12-17,KOSPI 200 PBR,1.3600000143051147,INDEX_KR
2025-12-16,S&P 500,6800.259765625,INDEX_US
2025-12-16,S&P 500 PER,27.38109,INDEX_US
2025-12-16,S&P 500 PBR,1.5816364,INDEX_US
2025-12-16,NASDAQ,23111.4609375,INDEX_US
2025-12-16,NASDAQ PER,33.68185,INDEX_US
2025-12-16,NASDAQ PBR,1.7098783,INDEX_US
2025-12-16,RUSSELL 2000,2519.300048828125,INDEX_US
2025-12-16,RUSSELL 2000 PER,18.339231,INDEX_US
2025-12-16,RUSSELL 2000 PBR,1.1426924,INDEX_US
2025-12-18,DDR5 16G (2Gx8) 4800/5600,34.5,DRAM
2025-12-18,DDR4 16Gb (2Gx8)3200,70.0,DRAM
2025-12-18,DDR4 8Gb (1Gx8) 3200,33.0,DRAM
2025-12-18,SLC 2Gb 256MBx8,1.96,NAND
2025-12-18,SLC 1Gb 128MBx8,1.95,NAND
2025-12-18,MLC 64Gb 8GBx8,7.3,NAND
2025-12-18,MLC 32Gb 4GBx8,5.9,NAND
2025-12-18,Bitcoin,88604.3828125,CRYPTO
2025-12-18,Ethereum,2970.607177734375,CRYPTO
2025-12-18,Binance Coin,847.3485107421875,CRYPTO
2025-12-18,WTI Crude Oil,56.0099983215332,COMMODITY
2025-12-18,Brent Crude Oil,59.83000183105469,COMMODITY
2025-12-18,Natural Gas,4.123000144958496,COMMODITY
2025-12-18,Gold,4369.0,COMMODITY
2025-12-18,Silver,66.38999938964844,COMMODITY
2025-12-18,Copper,5.431000232696533,COMMODITY
2025-12-17,Uranium ETF (URA),42.709999084472656,COMMODITY
2025-12-18,US 10 Year Treasury Yield,4.124000072479248,INTEREST_RATE
2025-12-18,Dollar Index (DXY),98.27899932861328,FX
2025-12-18,KRW/USD,1473.9100341796875,FX
2025-12-18,JPY/USD,155.43499755859375,FX
2025-12-18,CNY/USD,7.039999961853027,FX
2025-12-18,TWD/USD,31.50200080871582,FX
2025-12-18,EUR/USD,0.8517000079154968,FX
2025-12-18,KOSPI 상장종목수,821,INDEX_KR
2025-12-18,KOSDAQ 상장종목수,1737,INDEX_KR
2025-12-18,KOSPI,3994.51,INDEX_KR
2025-12-18,KOSPI 시가총액,3297132526737519.0,INDEX_KR
2025-12-18,KOSPI PER,16.639999389648438,INDEX_KR
2025-12-18,KOSPI PBR,1.2799999713897705,INDEX_KR
2025-12-18,KOSDAQ,901.33,INDEX_KR
2025-12-18,KOSDAQ 시가총액,489255541618737.0,INDEX_KR
2025-12-18,KOSDAQ PER,86.88999938964844,INDEX_KR
2025-12-18,KOSDAQ PBR,2.0399999618530273,INDEX_KR
2025-12-18,KOSPI 200,565.65,INDEX_KR
2025-12-18,KOSPI 200 시가총액,2978381228297330.0,INDEX_KR
2025-12-18,KOSPI 200 PER,15.5600004196167,INDEX_KR
2025-12-18,KOSPI 200 PBR,1.340000033378601,INDEX_KR
2025-12-17,S&P 500,6721.43017578125,INDEX_US
2025-12-17,S&P 500 PER,27.079802,INDEX_US
2025-12-17,S&P 500 PBR,1.5642328,INDEX_US
2025-12-17,NASDAQ,22693.3203125,INDEX_US
2025-12-17,NASDAQ PER,33.057487,INDEX_US
2025-12-17,NASDAQ PBR,1.6781822,INDEX_US
2025-12-17,RUSSELL 2000,2492.300048828125,INDEX_US
2025-12-17,RUSSELL 2000 PER,18.144024,INDEX_US
2025-12-17,RUSSELL 2000 PBR,1.1305294,INDEX_US
2025-12-19,DDR5 16G (2Gx8) 4800/5600,34.5,DRAM
2025-12-19,DDR4 16Gb (2Gx8)3200,70.0,DRAM
2025-12-19,DDR4 8Gb (1Gx8) 3200,33.0,DRAM
2025-12-19,SLC 2Gb 256MBx8,1.96,NAND
2025-12-19,SLC 1Gb 128MBx8,1.95,NAND
2025-12-19,MLC 64Gb 8GBx8,7.3,NAND
2025-12-19,MLC 32Gb 4GBx8,5.9,NAND
2025-12-19,SCFI Comprehensive Index,1552.92,OCEAN_FREIGHT
2025-12-19,Bitcoin,88186.6015625,CRYPTO
2025-12-19,Ethereum,2975.423828125,CRYPTO
2025-12-19,Binance Coin,848.4383544921875,CRYPTO
2025-12-19,WTI Crude Oil,56.439998626708984,COMMODITY
2025-12-19,Brent Crude Oil,60.22999954223633,COMMODITY
2025-12-19,Natural Gas,3.9140000343322754,COMMODITY
2025-12-19,Gold,4356.7001953125,COMMODITY
2025-12-19,Silver,65.87000274658203,COMMODITY
2025-12-19,Copper,5.506999969482422,COMMODITY
2025-12-18,Uranium ETF (URA),43.959999084472656,COMMODITY
2025-12-18,VIX Index,16.8700008392334,INDEX
2025-12-19,US 10 Year Treasury Yield,4.14900016784668,INTEREST_RATE
2025-12-19,Dollar Index (DXY),98.56099700927734,FX
2025-12-19,KRW/USD,1477.5,FX
2025-12-19,JPY/USD,157.12399291992188,FX
2025-12-19,CNY/USD,7.040500164031982,FX
2025-12-19,TWD/USD,31.5049991607666,FX
2025-12-19,EUR/USD,0.8518000245094299,FX
2025-12-19,KOSPI 상장종목수,821,INDEX_KR
2025-12-19,KOSDAQ 상장종목수,1737,INDEX_KR
2025-12-19,KOSPI,4020.55,INDEX_KR
2025-12-19,KOSPI 시가총액,3318795642740196.0,INDEX_KR
2025-12-19,KOSPI PER,16.75,INDEX_KR
2025-12-19,KOSPI PBR,1.2899999618530273,INDEX_KR
2025-12-19,KOSDAQ,915.27,INDEX_KR
2025-12-19,KOSDAQ 시가총액,496854683132562.0,INDEX_KR
2025-12-19,KOSDAQ PER,88.79000091552734,INDEX_KR
2025-12-19,KOSDAQ PBR,2.0799999237060547,INDEX_KR
2025-12-19,KOSPI 200,568.4,INDEX_KR
2025-12-19,KOSPI 200 시가총액,2998095761094870.0,INDEX_KR
2025-12-19,KOSPI 200 PER,15.630000114440918,INDEX_KR
2025-12-19,KOSPI 200 PBR,1.350000023841858,INDEX_KR
2025-12-18,S&P 500,6774.759765625,INDEX_US
2025-12-18,S&P 500 PER,27.284288,INDEX_US
2025-12-18,S&P 500 PBR,1.5760448,INDEX_US
2025-12-18,NASDAQ,23006.359375,INDEX_US
2025-12-18,NASDAQ PER,33.536495,INDEX_US
2025-12-18,NASDAQ PBR,1.7024994,INDEX_US
2025-12-18,RUSSELL 2000,2507.8701171875,INDEX_US
2025-12-18,RUSSELL 2000 PER,18.251904,INDEX_US
2025-12-18,RUSSELL 2000 PBR,1.1372511,INDEX_US
2025-12-20,DDR5 16G (2Gx8) 4800/5600,34.5,DRAM
2025-12-20,DDR4 16Gb (2Gx8)3200,70.0,DRAM
2025-12-20,DDR4 8Gb (1Gx8) 3200,33.0,DRAM
2025-12-20,SLC 2Gb 256MBx8,1.96,NAND
2025-12-20,SLC 1Gb 128MBx8,1.95,NAND
2025-12-20,MLC 64Gb 8GBx8,7.3,NAND
2025-12-20,MLC 32Gb 4GBx8,5.9,NAND
2025-12-20,Bitcoin,88057.203125,CRYPTO
2025-12-20,Ethereum,2971.04248046875,CRYPTO
2025-12-20,Binance Coin,851.2660522460938,CRYPTO
2025-12-19,Uranium ETF (URA),45.88999938964844,COMMODITY
2025-12-19,VIX Index,14.90999984741211,INDEX
2025-12-19,S&P 500,6834.5,INDEX_US
2025-12-19,S&P 500 PER,27.450464,INDEX_US
2025-12-19,S&P 500 PBR,1.5856438,INDEX_US
2025-12-19,NASDAQ,23307.619140625,INDEX_US
2025-12-19,NASDAQ PER,33.973656,INDEX_US
2025-12-19,NASDAQ PBR,1.7246921,INDEX_US
2025-12-19,RUSSELL 2000,2529.429931640625,INDEX_US
2025-12-19,RUSSELL 2000 PER,18.404545,INDEX_US
2025-12-19,RUSSELL 2000 PBR,1.1467621,INDEX_US
2025-12-21,DDR5 16G (2Gx8) 4800/5600,34.5,DRAM
2025-12-21,DDR4 16Gb (2Gx8)3200,70.0,DRAM
2025-12-21,DDR4 8Gb (1Gx8) 3200,33.0,DRAM
2025-12-21,SLC 2Gb 256MBx8,1.96,NAND
2025-12-21,SLC 1Gb 128MBx8,1.95,NAND
2025-12-21,MLC 64Gb 8GBx8,7.3,NAND
2025-12-21,MLC 32Gb 4GBx8,5.9,NAND
2025-12-21,Bitcoin,87919.765625,CRYPTO
2025-12-21,Ethereum,2963.2158203125,CRYPTO
2025-12-21,Binance Coin,849.3486328125,CRYPTO
2025-12-22,DDR5 16G (2Gx8) 4800/5600,34.5,DRAM
2025-12-22,DDR4 16Gb (2Gx8)3200,72.0,DRAM
2025-12-22,DDR4 8Gb (1Gx8) 3200,34.0,DRAM
2025-12-22,SLC 2Gb 256MBx8,2.0,NAND
2025-12-22,SLC 1Gb 128MBx8,1.96,NAND
2025-12-22,MLC 64Gb 8GBx8,7.3,NAND
2025-12-22,MLC 32Gb 4GBx8,5.9,NAND
2025-12-22,Bitcoin,90113.9765625,CRYPTO
2025-12-22,Ethereum,3063.09130859375,CRYPTO
2025-12-22,Binance Coin,866.0818481445312,CRYPTO
2025-12-22,WTI Crude Oil,57.900001525878906,COMMODITY
2025-12-22,Brent Crude Oil,61.93000030517578,COMMODITY
2025-12-22,Natural Gas,3.934999942779541,COMMODITY
2025-12-22,Gold,4459.60009765625,COMMODITY
2025-12-22,Silver,69.08999633789062,COMMODITY
2025-12-22,Copper,5.509500026702881,COMMODITY
2025-12-22,VIX Index,14.829999923706055,INDEX
2025-12-22,US 10 Year Treasury Yield,4.166999816894531,INTEREST_RATE
2025-12-22,Dollar Index (DXY),98.39299774169922,FX
2025-12-22,KRW/USD,1480.6099853515625,FX
2025-12-22,JPY/USD,157.0500030517578,FX
2025-12-22,CNY/USD,7.036200046539307,FX
2025-12-22,TWD/USD,31.490999221801758,FX
2025-12-22,EUR/USD,0.8507000207901001,FX
2025-12-22,KOSPI 상장종목수,821,INDEX_KR
2025-12-22,KOSDAQ 상장종목수,1738,INDEX_KR
2025-12-22,KOSPI,4105.93,INDEX_KR
2025-12-22,KOSPI 시가총액,3389012795126445.0,INDEX_KR
2025-12-22,KOSPI PER,17.100000381469727,INDEX_KR
2025-12-22,KOSPI PBR,1.3200000524520874,INDEX_KR
2025-12-22,KOSDAQ,929.14,INDEX_KR
2025-12-22,KOSDAQ 시가총액,504618202666855.0,INDEX_KR
2025-12-22,KOSDAQ PER,90.19000244140625,INDEX_KR
2025-12-22,KOSDAQ PBR,2.109999895095825,INDEX_KR
2025-12-22,KOSPI 200,582.73,INDEX_KR
2025-12-22,KOSPI 200 시가총액,3064976517049570.0,INDEX_KR
2025-12-22,KOSPI 200 PER,16.030000686645508,INDEX_KR
2025-12-22,KOSPI 200 PBR,1.3899999856948853,INDEX_KR
2026-01-03,DDR5 16G (2Gx8) 4800/5600,42.0,DRAM
2026-01-03,DDR4 16Gb (2Gx8)3200,77.0,DRAM
2026-01-03,DDR4 8Gb (1Gx8) 3200,38.0,DRAM
2026-01-03,SLC 2Gb 256MBx8,2.05,NAND
2026-01-03,SLC 1Gb 128MBx8,2.0,NAND
2026-01-03,MLC 64Gb 8GBx8,7.35,NAND
2026-01-03,MLC 32Gb 4GBx8,5.95,NAND
2025-12-26,SCFI Comprehensive Index,1656.32,OCEAN_FREIGHT
2026-01-03,Bitcoin,90193.140625,CRYPTO
2026-01-03,Ethereum,3123.2587890625,CRYPTO
2026-01-03,Binance Coin,876.5408935546875,CRYPTO
2026-01-02,WTI Crude Oil,57.33000183105469,COMMODITY
2026-01-02,Brent Crude Oil,60.790000915527344,COMMODITY
2026-01-02,Natural Gas,3.6410000324249268,COMMODITY
2026-01-02,Gold,4341.89990234375,COMMODITY
2026-01-02,Silver,72.26499938964844,COMMODITY
2026-01-02,Copper,5.697999954223633,COMMODITY
2026-01-02,Uranium ETF (URA),46.060001373291016,COMMODITY
2026-01-02,VIX Index,14.510000228881836,INDEX
2026-01-02,US 10 Year Treasury Yield,4.186999797821045,INTEREST_RATE
2026-01-02,Dollar Index (DXY),98.43299865722656,FX
2026-01-02,KRW/USD,1443.6400146484375,FX
2026-01-02,JPY/USD,156.7310028076172,FX
2026-01-02,CNY/USD,6.996099948883057,FX
2026-01-02,TWD/USD,31.303499221801758,FX
2026-01-02,EUR/USD,0.8510299921035767,FX
2026-01-02,S&P 500,6858.47021484375,INDEX_US
2026-01-02,S&P 500 PER,27.554523,INDEX_US
2026-01-02,S&P 500 PBR,1.5916545,INDEX_US
2026-01-02,NASDAQ,23235.62890625,INDEX_US
2026-01-02,NASDAQ PER,33.75728,INDEX_US
2026-01-02,NASDAQ PBR,1.7137076,INDEX_US
2026-01-02,RUSSELL 2000,2508.223388671875,INDEX_US
2026-01-02,RUSSELL 2000 PER,18.25704,INDEX_US
2026-01-02,RUSSELL 2000 PBR,1.1375712,INDEX_US
2026-01-04,DDR5 16G (2Gx8) 4800/5600,42.0,DRAM
2026-01-04,DDR4 16Gb (2Gx8)3200,77.0,DRAM
2026-01-04,DDR4 8Gb (1Gx8) 3200,38.0,DRAM
2026-01-04,SLC 2Gb 256MBx8,2.05,NAND
2026-01-04,SLC 1Gb 128MBx8,2.0,NAND
2026-01-04,MLC 64Gb 8GBx8,7.35,NAND
2026-01-04,MLC 32Gb 4GBx8,5.95,NAND
2026-01-04,Bitcoin,91315.953125,CRYPTO
2026-01-04,Ethereum,3138.843017578125,CRYPTO
2026-01-04,Binance Coin,887.7605590820312,CRYPTO
2026-01-05,DDR5 16G (2Gx8) 4800/5600,42.0,DRAM
2026-01-05,DDR4 16Gb (2Gx8)3200,77.0,DRAM
2026-01-05,DDR4 8Gb (1Gx8) 3200,38.0,DRAM
2026-01-05,SLC 2Gb 256MBx8,2.1,NAND
2026-01-05,SLC 1Gb 128MBx8,2.0,NAND
2026-01-05,MLC 64Gb 8GBx8,7.45,NAND
2026-01-05,MLC 32Gb 4GBx8,6.0,NAND
2026-01-05,Bitcoin,92716.734375,CRYPTO
2026-01-05,Ethereum,3150.59423828125,CRYPTO
2026-01-05,Binance Coin,902.0615234375,CRYPTO
2026-01-05,WTI Crude Oil,57.880001068115234,COMMODITY
2026-01-05,Brent Crude Oil,61.22999954223633,COMMODITY
2026-01-05,Natural Gas,3.4110000133514404,COMMODITY
2026-01-05,Gold,4436.7998046875,COMMODITY
2026-01-05,Silver,76.33499908447266,COMMODITY
2026-01-05,Copper,5.921500205993652,COMMODITY
2026-01-05,VIX Index,15.0600004196167,INDEX
2026-01-05,US 10 Year Treasury Yield,4.177000045776367,INTEREST_RATE
2026-01-05,Dollar Index (DXY),98.6729965209961,FX
2026-01-05,KRW/USD,1446.530029296875,FX
2026-01-05,JPY/USD,156.76499938964844,FX
2026-01-05,CNY/USD,6.984300136566162,FX
2026-01-05,TWD/USD,31.47599983215332,FX
2026-01-05,EUR/USD,0.85589998960495,FX
2026-01-06,DDR5 16G (2Gx8) 4800/5600,42.0,DRAM
2026-01-06,DDR4 16Gb (2Gx8)3200,77.0,DRAM
2026-01-06,DDR4 8Gb (1Gx8) 3200,38.0,DRAM
2026-01-06,SLC 2Gb 256MBx8,2.1,NAND
2026-01-06,SLC 1Gb 128MBx8,2.0,NAND
2026-01-06,MLC 64Gb 8GBx8,7.45,NAND
2026-01-06,MLC 32Gb 4GBx8,6.0,NAND
2026-01-06,Bitcoin,93242.203125,CRYPTO
2026-01-06,Ethereum,3218.26025390625,CRYPTO
2026-01-06,Binance Coin,904.5593872070312,CRYPTO
2026-01-06,WTI Crude Oil,57.91999816894531,COMMODITY
2026-01-06,Brent Crude Oil,61.38999938964844,COMMODITY
2026-01-06,Natural Gas,3.4260001182556152,COMMODITY
2026-01-06,Gold,4475.0,COMMODITY
2026-01-06,Silver,78.42500305175781,COMMODITY
2026-01-06,Copper,6.080999851226807,COMMODITY
2026-01-05,Uranium ETF (URA),48.630001068115234,COMMODITY
2026-01-06,Dollar Index (DXY),98.23200225830078,FX
2026-01-06,KRW/USD,1445.6800537109375,FX
2026-01-06,JPY/USD,156.33999633789062,FX
2026-01-06,CNY/USD,6.979000091552734,FX
2026-01-06,TWD/USD,31.46500015258789,FX
2026-01-06,EUR/USD,0.852400004863739,FX
2026-01-06,KOSPI 상장종목수,821,INDEX_KR
2026-01-06,KOSPI 시가총액,3738188652369778.0,INDEX_KR
2026-01-06,KOSDAQ 상장종목수,1688,INDEX_KR
2026-01-06,KOSDAQ 시가총액,390160266567510.0,INDEX_KR
2026-01-06,KOSPI,4525.48,INDEX_KR
2026-01-06,KOSDAQ,955.97,INDEX_KR
2026-01-06,KOSPI 200,659.45,INDEX_KR
2026-01-05,S&P 500,6902.0498046875,INDEX_US
2026-01-05,S&P 500 PER,27.738039,INDEX_US
2026-01-05,S&P 500 PBR,1.6022552,INDEX_US
2026-01-05,NASDAQ,23395.8203125,INDEX_US
2026-01-05,NASDAQ PER,34.02541,INDEX_US
2026-01-05,NASDAQ PBR,1.7273195,INDEX_US
2026-01-05,RUSSELL 2000,2547.919921875,INDEX_US
2026-01-05,RUSSELL 2000 PER,18.546915,INDEX_US
2026-01-05,RUSSELL 2000 PBR,1.155633,INDEX_US
2026-01-06,VIX Index,15.029999732971191,INDEX
2026-01-06,US 10 Year Treasury Yield,4.171000003814697,INTEREST_RATE
2026-01-07,DDR5 16G (2Gx8) 4800/5600,42.0,DRAM
2026-01-07,DDR4 16Gb (2Gx8)3200,78.5,DRAM
2026-01-07,DDR4 8Gb (1Gx8) 3200,38.0,DRAM
2026-01-07,SLC 2Gb 256MBx8,2.1,NAND
2026-01-07,SLC 1Gb 128MBx8,2.0,NAND
2026-01-07,MLC 64Gb 8GBx8,7.45,NAND
2026-01-07,MLC 32Gb 4GBx8,6.0,NAND
2026-01-07,Bitcoin,91445.2578125,CRYPTO
2026-01-07,Ethereum,3189.890869140625,CRYPTO
2026-01-07,Binance Coin,899.4619750976562,CRYPTO
2026-01-07,WTI Crude Oil,56.970001220703125,COMMODITY
2026-01-07,Brent Crude Oil,60.7400016784668,COMMODITY
2026-01-07,Natural Gas,3.4609999656677246,COMMODITY
2026-01-07,Gold,4458.5,COMMODITY
2026-01-07,Silver,76.56500244140625,COMMODITY
2026-01-07,Copper,5.949999809265137,COMMODITY
2026-01-06,Uranium ETF (URA),49.369998931884766,COMMODITY
2026-01-07,US 10 Year Treasury Yield,4.144000053405762,INTEREST_RATE
2026-01-07,Dollar Index (DXY),98.5459976196289,FX
2026-01-07,KRW/USD,1445.969970703125,FX
2026-01-07,JPY/USD,156.4810028076172,FX
2026-01-07,CNY/USD,7.003799915313721,FX
2026-01-07,TWD/USD,31.424999237060547,FX
2026-01-07,EUR/USD,0.8553000092506409,FX
2026-01-07,KOSPI 상장종목수,820,INDEX_KR
2026-01-07,KOSPI 시가총액,3759722548753830.0,INDEX_KR
2026-01-07,KOSDAQ 상장종목수,1688,INDEX_KR
2026-01-07,KOSDAQ 시가총액,387535752426135.0,INDEX_KR
2026-01-07,KOSPI,4551.06,INDEX_KR
2026-01-07,KOSDAQ,947.39,INDEX_KR
2026-01-07,KOSPI 200,664.48,INDEX_KR
2026-01-06,S&P 500,6944.81982421875,INDEX_US
2026-01-06,S&P 500 PER,27.903004,INDEX_US
2026-01-06,S&P 500 PBR,1.6117841,INDEX_US
2026-01-06,NASDAQ,23547.169921875,INDEX_US
2026-01-06,NASDAQ PER,34.32438,INDEX_US
2026-01-06,NASDAQ PBR,1.7424967,INDEX_US
2026-01-06,RUSSELL 2000,2582.89990234375,INDEX_US
2026-01-06,RUSSELL 2000 PER,18.792759,INDEX_US
2026-01-06,RUSSELL 2000 PBR,1.1709511,INDEX_US
2026-01-08,DDR5 16G (2Gx8) 4800/5600,42.0,DRAM
2026-01-08,DDR4 16Gb (2Gx8)3200,82.0,DRAM
2026-01-08,DDR4 8Gb (1Gx8) 3200,40.0,DRAM
2026-01-08,SLC 2Gb 256MBx8,2.1,NAND
2026-01-08,SLC 1Gb 128MBx8,2.0,NAND
2026-01-08,MLC 64Gb 8GBx8,7.45,NAND
2026-01-08,MLC 32Gb 4GBx8,6.0,NAND
2026-01-08,Bitcoin,89616.7109375,CRYPTO
2026-01-08,Ethereum,3078.2431640625,CRYPTO
2026-01-08,Binance Coin,881.095947265625,CRYPTO
2026-01-08,WTI Crude Oil,57.060001373291016,COMMODITY
2026-01-08,Brent Crude Oil,61.150001525878906,COMMODITY
2026-01-08,Natural Gas,3.4609999656677246,COMMODITY
2026-01-08,Gold,4427.7998046875,COMMODITY
2026-01-08,Silver,73.72000122070312,COMMODITY
2026-01-08,Copper,5.730999946594238,COMMODITY
2026-01-07,Uranium ETF (URA),49.83000183105469,COMMODITY
2026-01-08,VIX Index,15.619999885559082,INDEX
2026-01-08,US 10 Year Treasury Yield,4.178999900817871,INTEREST_RATE
2026-01-08,Dollar Index (DXY),98.89600372314453,FX
2026-01-08,KRW/USD,1453.7099609375,FX
2026-01-08,JPY/USD,157.01300048828125,FX
2026-01-08,CNY/USD,6.982100009918213,FX
2026-01-08,TWD/USD,31.551000595092773,FX
2026-01-08,EUR/USD,0.8574000000953674,FX
2026-01-08,KOSPI 상장종목수,820,INDEX_KR
2026-01-08,KOSPI 시가총액,3759062721637169.0,INDEX_KR
2026-01-08,KOSDAQ 상장종목수,1688,INDEX_KR
2026-01-08,KOSDAQ 시가총액,385340089786104.0,INDEX_KR
2026-01-08,KOSPI,4552.37,INDEX_KR
2026-01-08,KOSDAQ,944.06,INDEX_KR
2026-01-08,KOSPI 200,664.18,INDEX_KR
2026-01-07,S&P 500,6920.93017578125,INDEX_US
2026-01-07,S&P 500 PER,27.91919,INDEX_US
2026-01-07,S&P 500 PBR,1.6065887,INDEX_US
2026-01-07,NASDAQ,23584.279296875,INDEX_US
2026-01-07,NASDAQ PER,33.73651,INDEX_US
2026-01-07,NASDAQ PBR,1.7441738,INDEX_US
2026-01-07,RUSSELL 2000,2575.419921875,INDEX_US
2026-01-07,RUSSELL 2000 PER,18.795029,INDEX_US
2026-01-07,RUSSELL 2000 PBR,1.1682076,INDEX_US
2026-01-09,DDR5 16G (2Gx8) 4800/5600,42.0,DRAM
2026-01-09,DDR4 16Gb (2Gx8)3200,83.0,DRAM
2026-01-09,DDR4 8Gb (1Gx8) 3200,40.0,DRAM
2026-01-09,SLC 2Gb 256MBx8,2.1,NAND
2026-01-09,SLC 1Gb 128MBx8,2.0,NAND
2026-01-09,MLC 64Gb 8GBx8,7.45,NAND
2026-01-09,MLC 32Gb 4GBx8,6.0,NAND
2026-01-09,Bitcoin,90397.9921875,CRYPTO
2026-01-09,Ethereum,3087.9580078125,CRYPTO
2026-01-09,Binance Coin,887.8475341796875,CRYPTO
2026-01-09,WTI Crude Oil,58.599998474121094,COMMODITY
2026-01-09,Brent Crude Oil,62.79999923706055,COMMODITY
2026-01-09,Natural Gas,3.3359999656677246,COMMODITY
2026-01-09,Gold,4496.7001953125,COMMODITY
2026-01-09,Silver,78.47000122070312,COMMODITY
2026-01-09,Copper,5.877500057220459,COMMODITY
2026-01-08,Uranium ETF (URA),49.5099983215332,COMMODITY
2026-01-09,VIX Index,15.130000114440918,INDEX
2026-01-09,US 10 Year Treasury Yield,4.175000190734863,INTEREST_RATE
2026-01-09,Dollar Index (DXY),99.072998046875,FX
2026-01-09,KRW/USD,1457.3699951171875,FX
2026-01-09,JPY/USD,157.80299377441406,FX
2026-01-09,CNY/USD,6.9766998291015625,FX
2026-01-09,TWD/USD,31.58099937438965,FX
2026-01-09,EUR/USD,0.8587999939918518,FX
2026-01-09,KOSPI 상장종목수,820,INDEX_KR
2026-01-09,KOSPI 시가총액,3790229810382982.0,INDEX_KR
2026-01-09,KOSDAQ 상장종목수,1688,INDEX_KR
2026-01-09,KOSDAQ 시가총액,386865724541988.0,INDEX_KR
2026-01-09,KOSPI,4586.32,INDEX_KR
2026-01-09,KOSDAQ,947.92,INDEX_KR
2026-01-09,KOSPI 200,668.25,INDEX_KR
2026-01-08,S&P 500,6921.4599609375,INDEX_US
2026-01-08,S&P 500 PER,27.916355,INDEX_US
2026-01-08,S&P 500 PBR,1.6064256,INDEX_US
2026-01-08,NASDAQ,23480.01953125,INDEX_US
2026-01-08,NASDAQ PER,33.544586,INDEX_US
2026-01-08,NASDAQ PBR,1.7342513,INDEX_US
2026-01-08,RUSSELL 2000,2603.909912109375,INDEX_US
2026-01-08,RUSSELL 2000 PER,19.000282,INDEX_US
2026-01-08,RUSSELL 2000 PBR,1.1809652,INDEX_US
2026-01-10,DDR5 16G (2Gx8) 4800/5600,42.0,DRAM
2026-01-10,DDR4 16Gb (2Gx8)3200,83.0,DRAM
2026-01-10,DDR4 8Gb (1Gx8) 3200,40.0,DRAM
2026-01-10,SLC 2Gb 256MBx8,2.1,NAND
2026-01-10,SLC 1Gb 128MBx8,2.0,NAND
2026-01-10,MLC 64Gb 8GBx8,7.45,NAND
2026-01-10,MLC 32Gb 4GBx8,6.0,NAND
2026-01-10,Bitcoin,90482.6796875,CRYPTO
2026-01-10,Ethereum,3089.897216796875,CRYPTO
2026-01-10,Binance Coin,901.514404296875,CRYPTO
2026-01-09,Uranium ETF (URA),50.310001373291016,COMMODITY
2026-01-10,KOSPI 상장종목수,820,INDEX_KR
2026-01-10,KOSPI 시가총액,3790229810382982.0,INDEX_KR
2026-01-10,KOSDAQ 상장종목수,1688,INDEX_KR
2026-01-10,KOSDAQ 시가총액,386865724541988.0,INDEX_KR
2026-01-09,S&P 500,6966.27978515625,INDEX_US
2026-01-09,S&P 500 PER,28.100975,INDEX_US
2026-01-09,S&P 500 PBR,1.6170496,INDEX_US
2026-01-09,NASDAQ,23671.349609375,INDEX_US
2026-01-09,NASDAQ PER,33.8787,INDEX_US
2026-01-09,NASDAQ PBR,1.7515248,INDEX_US
2026-01-09,RUSSELL 2000,2624.219970703125,INDEX_US
2026-01-09,RUSSELL 2000 PER,19.144476,INDEX_US
2026-01-09,RUSSELL 2000 PBR,1.1899276,INDEX_US
2026-01-11,DDR5 16G (2Gx8) 4800/5600,42.0,DRAM
2026-01-11,DDR4 16Gb (2Gx8)3200,83.0,DRAM
2026-01-11,DDR4 8Gb (1Gx8) 3200,40.0,DRAM
2026-01-11,SLC 2Gb 256MBx8,2.1,NAND
2026-01-11,SLC 1Gb 128MBx8,2.0,NAND
2026-01-11,MLC 64Gb 8GBx8,7.45,NAND
2026-01-11,MLC 32Gb 4GBx8,6.0,NAND
2026-01-09,SCFI Comprehensive Index,1647.39,OCEAN_FREIGHT
2026-01-11,Bitcoin,90807.5546875,CRYPTO
2026-01-11,Ethereum,3109.175537109375,CRYPTO
2026-01-11,Binance Coin,913.757568359375,CRYPTO
2026-01-11,KOSPI 상장종목수,820,INDEX_KR
2026-01-11,KOSPI 시가총액,3790229810382982.0,INDEX_KR
2026-01-11,KOSDAQ 상장종목수,1688,INDEX_KR
2026-01-11,KOSDAQ 시가총액,386865724541988.0,INDEX_KR
2026-01-12,DDR5 16G (2Gx8) 4800/5600,45.0,DRAM
2026-01-12,DDR4 16Gb (2Gx8)3200,83.0,DRAM
2026-01-12,DDR4 8Gb (1Gx8) 3200,40.0,DRAM
2026-01-12,SLC 2Gb 256MBx8,2.2,NAND
2026-01-12,SLC 1Gb 128MBx8,2.05,NAND
2026-01-12,MLC 64Gb 8GBx8,7.45,NAND
2026-01-12,MLC 32Gb 4GBx8,6.0,NAND
2026-01-12,Bitcoin,90227.2109375,CRYPTO
2026-01-12,Ethereum,3079.405517578125,CRYPTO
2026-01-12,Binance Coin,894.964599609375,CRYPTO
2026-01-12,WTI Crude Oil,58.97999954223633,COMMODITY
2026-01-12,Brent Crude Oil,63.22999954223633,COMMODITY
2026-01-12,Natural Gas,3.2290000915527344,COMMODITY
2026-01-12,Gold,4602.39990234375,COMMODITY
2026-01-12,Silver,84.32499694824219,COMMODITY
2026-01-12,Copper,5.954500198364258,COMMODITY
2026-01-12,VIX Index,15.880000114440918,INDEX
2026-01-12,US 10 Year Treasury Yield,4.189000129699707,INTEREST_RATE
2026-01-12,Dollar Index (DXY),98.78900146484375,FX
2026-01-12,KRW/USD,1466.719970703125,FX
2026-01-12,JPY/USD,157.9499969482422,FX
2026-01-12,CNY/USD,6.972499847412109,FX
2026-01-12,TWD/USD,31.60700035095215,FX
2026-01-12,EUR/USD,0.8561000227928162,FX
2026-01-12,KOSPI 상장종목수,820,INDEX_KR
2026-01-12,KOSPI 시가총액,3822227585757325.0,INDEX_KR
2026-01-12,KOSDAQ 상장종목수,1688,INDEX_KR
2026-01-12,KOSDAQ 시가총액,388265020134333.0,INDEX_KR
2026-01-12,KOSPI,4624.79,INDEX_KR
2026-01-12,KOSDAQ,949.81,INDEX_KR
2026-01-12,KOSPI 200,672.86,INDEX_KR
2026-01-13,DDR5 16G (2Gx8) 4800/5600,48.5,DRAM
2026-01-13,DDR4 16Gb (2Gx8)3200,85.0,DRAM
2026-01-13,DDR4 8Gb (1Gx8) 3200,43.0,DRAM
2026-01-13,SLC 2Gb 256MBx8,2.2,NAND
2026-01-13,SLC 1Gb 128MBx8,2.05,NAND
2026-01-13,MLC 64Gb 8GBx8,7.45,NAND
2026-01-13,MLC 32Gb 4GBx8,6.0,NAND
2026-01-13,Bitcoin,92157.140625,CRYPTO
2026-01-13,Ethereum,3147.061767578125,CRYPTO
2026-01-13,Binance Coin,909.0914306640625,CRYPTO
2026-01-13,WTI Crude Oil,60.27000045776367,COMMODITY
2026-01-13,Brent Crude Oil,64.68000030517578,COMMODITY
2026-01-13,Natural Gas,3.378999948501587,COMMODITY
2026-01-13,Gold,4623.89990234375,COMMODITY
2026-01-13,Silver,88.29000091552734,COMMODITY
2026-01-13,Copper,6.057000160217285,COMMODITY
2026-01-12,Uranium ETF (URA),51.7599983215332,COMMODITY
2026-01-13,US 10 Year Treasury Yield,4.178999900817871,INTEREST_RATE
2026-01-13,Dollar Index (DXY),98.9530029296875,FX
2026-01-13,KRW/USD,1473.8299560546875,FX
2026-01-13,JPY/USD,158.85800170898438,FX
2026-01-13,TWD/USD,31.569000244140625,FX
2026-01-13,EUR/USD,0.8568000197410583,FX
2026-01-13,KOSPI 상장종목수,820,INDEX_KR
2026-01-13,KOSPI 시가총액,3877443681591208.0,INDEX_KR
2026-01-13,KOSDAQ 상장종목수,1688,INDEX_KR
2026-01-13,KOSDAQ 시가총액,387371054454944.0,INDEX_KR
2026-01-13,KOSPI,4692.64,INDEX_KR
2026-01-13,KOSDAQ,948.98,INDEX_KR
2026-01-13,KOSPI 200,680.71,INDEX_KR
2026-01-12,S&P 500,6977.27001953125,INDEX_US
2026-01-12,S&P 500 PER,28.145105,INDEX_US
2026-01-12,S&P 500 PBR,1.619589,INDEX_US
2026-01-12,NASDAQ,23733.900390625,INDEX_US
2026-01-12,NASDAQ PER,33.90681,INDEX_US
2026-01-12,NASDAQ PBR,1.7529782,INDEX_US
2026-01-12,RUSSELL 2000,2635.68994140625,INDEX_US
2026-01-12,RUSSELL 2000 PER,19.237906,INDEX_US
2026-01-12,RUSSELL 2000 PBR,1.1957346,INDEX_US
2026-01-14,DDR5 16G (2Gx8) 4800/5600,50.0,DRAM
2026-01-14,DDR4 16Gb (2Gx8)3200,90.0,DRAM
2026-01-14,DDR4 8Gb (1Gx8) 3200,45.0,DRAM
2026-01-14,SLC 2Gb 256MBx8,2.2,NAND
2026-01-14,SLC 1Gb 128MBx8,2.05,NAND
2026-01-14,MLC 64Gb 8GBx8,7.45,NAND
2026-01-14,MLC 32Gb 4GBx8,6.0,NAND
2026-01-14,Bitcoin,95622.5078125,CRYPTO
2026-01-14,Ethereum,3318.8017578125,CRYPTO
2026-01-14,Binance Coin,936.7079467773438,CRYPTO
2026-01-14,WTI Crude Oil,61.68000030517578,COMMODITY
2026-01-14,Brent Crude Oil,66.05999755859375,COMMODITY
2026-01-14,Natural Gas,3.2200000286102295,COMMODITY
2026-01-14,Gold,4642.2001953125,COMMODITY
2026-01-14,Silver,91.875,COMMODITY
2026-01-14,Copper,6.063000202178955,COMMODITY
2026-01-13,Uranium ETF (URA),50.77000045776367,COMMODITY
2026-01-14,VIX Index,17.200000762939453,INDEX
2026-01-14,US 10 Year Treasury Yield,4.164999961853027,INTEREST_RATE
2026-01-14,Dollar Index (DXY),99.0009994506836,FX
2026-01-14,KRW/USD,1463.5899658203125,FX
2026-01-14,JPY/USD,158.29400634765625,FX
2026-01-14,CNY/USD,6.973700046539307,FX
2026-01-14,TWD/USD,31.538999557495117,FX
2026-01-14,EUR/USD,0.8575999736785889,FX
2026-01-14,KOSPI 상장종목수,820,INDEX_KR
2026-01-14,KOSPI 시가총액,3903166781496608.0,INDEX_KR
2026-01-14,KOSDAQ 상장종목수,1687,INDEX_KR
2026-01-14,KOSDAQ 시가총액,384739670689707.0,INDEX_KR
2026-01-14,KOSPI,4723.1,INDEX_KR
2026-01-14,KOSDAQ,942.18,INDEX_KR
2026-01-14,KOSPI 200,685.76,INDEX_KR
2026-01-13,S&P 500,6963.740234375,INDEX_US
2026-01-13,S&P 500 PER,28.08883,INDEX_US
2026-01-13,S&P 500 PBR,1.6163507,INDEX_US
2026-01-13,NASDAQ,23709.869140625,INDEX_US
2026-01-13,NASDAQ PER,33.856533,INDEX_US
2026-01-13,NASDAQ PBR,1.7503787,INDEX_US
2026-01-13,RUSSELL 2000,2633.110107421875,INDEX_US
2026-01-13,RUSSELL 2000 PER,19.226871,INDEX_US
2026-01-13,RUSSELL 2000 PBR,1.1950488,INDEX_US
2026-01-15,DDR5 16G (2Gx8) 4800/5600,50.0,DRAM
2026-01-15,DDR4 16Gb (2Gx8)3200,90.0,DRAM
2026-01-15,DDR4 8Gb (1Gx8) 3200,45.0,DRAM
2026-01-15,SLC 2Gb 256MBx8,2.2,NAND
2026-01-15,SLC 1Gb 128MBx8,2.05,NAND
2026-01-15,MLC 64Gb 8GBx8,7.45,NAND
2026-01-15,MLC 32Gb 4GBx8,6.0,NAND
2026-01-15,Bitcoin,96865.8828125,CRYPTO
2026-01-15,Ethereum,3371.881103515625,CRYPTO
2026-01-15,Binance Coin,943.9634399414062,CRYPTO
2026-01-15,WTI Crude Oil,59.290000915527344,COMMODITY
2026-01-15,Brent Crude Oil,63.849998474121094,COMMODITY
2026-01-15,Natural Gas,3.0969998836517334,COMMODITY
2026-01-15,Gold,4601.89990234375,COMMODITY
2026-01-15,Silver,88.79499816894531,COMMODITY
2026-01-15,Copper,5.955999851226807,COMMODITY
2026-01-14,Uranium ETF (URA),52.59000015258789,COMMODITY
2026-01-15,VIX Index,15.84000015258789,INDEX
2026-01-15,US 10 Year Treasury Yield,4.156000137329102,INTEREST_RATE
2026-01-15,Dollar Index (DXY),99.38400268554688,FX
2026-01-15,KRW/USD,1468.7900390625,FX
2026-01-15,JPY/USD,158.6699981689453,FX
2026-01-15,CNY/USD,6.965799808502197,FX
2026-01-15,TWD/USD,31.548999786376953,FX
2026-01-15,EUR/USD,0.861299991607666,FX
2026-01-15,KOSPI 상장종목수,818,INDEX_KR
2026-01-15,KOSPI 시가총액,3966237189276504.0,INDEX_KR
2026-01-15,KOSDAQ 상장종목수,1687,INDEX_KR
2026-01-15,KOSDAQ 시가총액,389540136796688.0,INDEX_KR
2026-01-15,KOSPI,4797.55,INDEX_KR
2026-01-15,KOSDAQ,951.16,INDEX_KR
2026-01-15,KOSPI 200,696.39,INDEX_KR
2026-01-14,S&P 500,6926.60009765625,INDEX_US
2026-01-14,S&P 500 PER,27.950768,INDEX_US
2026-01-14,S&P 500 PBR,1.608406,INDEX_US
2026-01-14,NASDAQ,23471.75,INDEX_US
2026-01-14,NASDAQ PER,33.49485,INDEX_US
2026-01-14,NASDAQ PBR,1.7316798,INDEX_US
2026-01-14,RUSSELL 2000,2651.639892578125,INDEX_US
2026-01-14,RUSSELL 2000 PER,19.362236,INDEX_US
2026-01-14,RUSSELL 2000 PBR,1.2034624,INDEX_US
2026-01-16,DDR5 16G (2Gx8) 4800/5600,50.0,DRAM
2026-01-16,DDR4 16Gb (2Gx8)3200,90.0,DRAM
2026-01-16,DDR4 8Gb (1Gx8) 3200,46.0,DRAM
2026-01-16,SLC 2Gb 256MBx8,2.2,NAND
2026-01-16,SLC 1Gb 128MBx8,2.05,NAND
2026-01-16,MLC 64Gb 8GBx8,7.45,NAND
2026-01-16,MLC 32Gb 4GBx8,6.0,NAND
2026-01-16,Bitcoin,95387.515625,CRYPTO
2026-01-16,Ethereum,3305.015380859375,CRYPTO
2026-01-16,Binance Coin,932.7379760742188,CRYPTO
2026-01-16,WTI Crude Oil,59.83000183105469,COMMODITY
2026-01-16,Brent Crude Oil,64.5999984741211,COMMODITY
2026-01-16,Natural Gas,3.1080000400543213,COMMODITY
2026-01-16,Gold,4612.2998046875,COMMODITY
2026-01-16,Silver,88.9800033569336,COMMODITY
2026-01-16,Copper,5.836999893188477,COMMODITY
2026-01-15,Uranium ETF (URA),52.779998779296875,COMMODITY
2026-01-16,VIX Index,15.739999771118164,INDEX
2026-01-16,US 10 Year Treasury Yield,4.189000129699707,INTEREST_RATE
2026-01-16,Dollar Index (DXY),99.25700378417969,FX
2026-01-16,KRW/USD,1473.2099609375,FX
2026-01-16,JPY/USD,158.08299255371094,FX
2026-01-16,CNY/USD,6.968100070953369,FX
2026-01-16,TWD/USD,31.582000732421875,FX
2026-01-16,EUR/USD,0.86080002784729,FX
2026-01-16,KOSPI 상장종목수,818,INDEX_KR
2026-01-16,KOSPI 시가총액,4004879773934139.0,INDEX_KR
2026-01-16,KOSDAQ 상장종목수,1687,INDEX_KR
2026-01-16,KOSDAQ 시가총액,389721340416386.0,INDEX_KR
2026-01-16,KOSPI,4840.74,INDEX_KR
2026-01-16,KOSDAQ,954.59,INDEX_KR
2026-01-16,KOSPI 200,704.64,INDEX_KR
2026-01-15,S&P 500,6944.47021484375,INDEX_US
2026-01-15,S&P 500 PER,28.026884,INDEX_US
2026-01-15,S&P 500 PBR,1.6127859,INDEX_US
2026-01-15,NASDAQ,23530.01953125,INDEX_US
2026-01-15,NASDAQ PER,33.61541,INDEX_US
2026-01-15,NASDAQ PBR,1.7379129,INDEX_US
2026-01-15,RUSSELL 2000,2674.56005859375,INDEX_US
2026-01-15,RUSSELL 2000 PER,19.532913,INDEX_US
2026-01-15,RUSSELL 2000 PBR,1.2140708,INDEX_US
2026-01-17,DDR5 16G (2Gx8) 4800/5600,50.0,DRAM
2026-01-17,DDR4 16Gb (2Gx8)3200,90.0,DRAM
2026-01-17,DDR4 8Gb (1Gx8) 3200,46.0,DRAM
2026-01-17,SLC 2Gb 256MBx8,2.2,NAND
2026-01-17,SLC 1Gb 128MBx8,2.05,NAND
2026-01-17,MLC 64Gb 8GBx8,7.45,NAND
2026-01-17,MLC 32Gb 4GBx8,6.0,NAND
2026-01-16,SCFI Comprehensive Index,1574.12,OCEAN_FREIGHT
2026-01-17,Bitcoin,95386.2578125,CRYPTO
2026-01-17,Ethereum,3305.561279296875,CRYPTO
2026-01-17,Binance Coin,942.4801025390625,CRYPTO
2026-01-16,Uranium ETF (URA),54.400001525878906,COMMODITY
2026-01-17,KOSPI 상장종목수,818,INDEX_KR
2026-01-17,KOSPI 시가총액,4004879773934139.0,INDEX_KR
2026-01-17,KOSDAQ 상장종목수,1687,INDEX_KR
2026-01-17,KOSDAQ 시가총액,389721340416386.0,INDEX_KR
2026-01-16,S&P 500,6940.009765625,INDEX_US
2026-01-16,S&P 500 PER,28.0034,INDEX_US
2026-01-16,S&P 500 PBR,1.6114346,INDEX_US
2026-01-16,NASDAQ,23515.390625,INDEX_US
2026-01-16,NASDAQ PER,33.5873,INDEX_US
2026-01-16,NASDAQ PBR,1.7364594,INDEX_US
2026-01-16,RUSSELL 2000,2677.739990234375,INDEX_US
2026-01-16,RUSSELL 2000 PER,19.551304,INDEX_US
2026-01-16,RUSSELL 2000 PBR,1.215214,INDEX_US
2026-01-18,DDR5 16G (2Gx8) 4800/5600,50.0,DRAM
2026-01-18,DDR4 16Gb (2Gx8)3200,90.0,DRAM
2026-01-18,DDR4 8Gb (1Gx8) 3200,46.0,DRAM
2026-01-18,SLC 2Gb 256MBx8,2.2,NAND
2026-01-18,SLC 1Gb 128MBx8,2.05,NAND
2026-01-18,MLC 64Gb 8GBx8,7.45,NAND
2026-01-18,MLC 32Gb 4GBx8,6.0,NAND
2026-01-18,Bitcoin,95199.5078125,CRYPTO
2026-01-18,Ethereum,3329.13818359375,CRYPTO
2026-01-18,Binance Coin,947.1893310546875,CRYPTO
2026-01-18,KOSPI 상장종목수,818,INDEX_KR
2026-01-18,KOSPI 시가총액,4004879773934139.0,INDEX_KR
2026-01-18,KOSDAQ 상장종목수,1687,INDEX_KR
2026-01-18,KOSDAQ 시가총액,389721340416386.0,INDEX_KR
2026-01-19,DDR5 16G (2Gx8) 4800/5600,53.0,DRAM
2026-01-19,DDR4 16Gb (2Gx8)3200,91.0,DRAM
2026-01-19,DDR4 8Gb (1Gx8) 3200,46.5,DRAM
2026-01-19,SLC 2Gb 256MBx8,2.2,NAND
2026-01-19,SLC 1Gb 128MBx8,2.05,NAND
2026-01-19,MLC 64Gb 8GBx8,7.45,NAND
2026-01-19,MLC 32Gb 4GBx8,6.0,NAND
2026-01-19,Bitcoin,92761.265625,CRYPTO
2026-01-19,Ethereum,3208.0419921875,CRYPTO
2026-01-19,Binance Coin,925.5444946289062,CRYPTO
2026-01-19,WTI Crude Oil,59.06999969482422,COMMODITY
2026-01-19,Brent Crude Oil,63.810001373291016,COMMODITY
2026-01-19,Natural Gas,3.6389999389648438,COMMODITY
2026-01-19,Gold,4670.89990234375,COMMODITY
2026-01-19,Silver,93.44499969482422,COMMODITY
2026-01-19,Copper,5.875999927520752,COMMODITY
2026-01-19,VIX Index,19.170000076293945,INDEX
2026-01-19,Dollar Index (DXY),99.12000274658203,FX
2026-01-19,KRW/USD,1473.43994140625,FX
2026-01-19,JPY/USD,157.88600158691406,FX
2026-01-19,CNY/USD,6.962800025939941,FX
2026-01-19,TWD/USD,31.531999588012695,FX
2026-01-19,EUR/USD,0.8592000007629395,FX
2026-01-19,KOSPI 상장종목수,818,INDEX_KR
2026-01-19,KOSPI 시가총액,4056832202296880.0,INDEX_KR
2026-01-19,KOSDAQ 상장종목수,1687,INDEX_KR
2026-01-19,KOSDAQ 시가총액,397100113565058.0,INDEX_KR
2026-01-19,KOSPI,4904.66,INDEX_KR
2026-01-19,KOSDAQ,968.36,INDEX_KR
2026-01-19,KOSPI 200,713.96,INDEX_KR
